Grade,Agree,Disagree,Discuss,Unrelated,Recall
33.558631048170795,0.17551234892275355,0.36441893830703015,0.047491039426523295,0.49621232764728324,0.3897611458702239
